CellLine,Lineage
ACH-000001,Ovarian Epithelial Tumor
ACH-000004,Acute Myeloid Leukemia
ACH-000005,Acute Myeloid Leukemia
ACH-000007,Colorectal Adenocarcinoma
ACH-000009,Colorectal Adenocarcinoma
ACH-000011,Bladder Urothelial Carcinoma
ACH-000012,Non-Small Cell Lung Cancer
ACH-000013,Ovarian Epithelial Tumor
ACH-000014,Melanoma
ACH-000015,Non-Small Cell Lung Cancer
ACH-000017,Invasive Breast Carcinoma
ACH-000018,Bladder Urothelial Carcinoma
ACH-000019,Invasive Breast Carcinoma
ACH-000021,Non-Small Cell Lung Cancer
ACH-000022,Pancreatic Adenocarcinoma
ACH-000023,Pancreatic Adenocarcinoma
ACH-000024,Mature B-Cell Neoplasms
ACH-000026,Bladder Urothelial Carcinoma
ACH-000028,Invasive Breast Carcinoma
ACH-000029,Non-Small Cell Lung Cancer
ACH-000030,Non-Small Cell Lung Cancer
ACH-000035,Non-Small Cell Lung Cancer
ACH-000036,Diffuse Glioma
ACH-000039,Ewing Sarcoma
ACH-000040,Diffuse Glioma
ACH-000041,Ewing Sarcoma
ACH-000042,Pancreatic Adenocarcinoma
ACH-000045,Acute Myeloid Leukemia
ACH-000047,Esophagogastric Adenocarcinoma
ACH-000048,Ovarian Epithelial Tumor
ACH-000052,Ewing Sarcoma
ACH-000053,Mature T and NK Neoplasms
ACH-000055,Embryonal Tumor
ACH-000060,Pancreatic Adenocarcinoma
ACH-000067,Diffuse Glioma
ACH-000070,B-Cell Acute Lymphoblastic Leukemia
ACH-000074,Myeloproliferative Neoplasms
ACH-000075,Diffuse Glioma
ACH-000076,Myeloproliferative Neoplasms
ACH-000077,Non-Hodgkin Lymphoma
ACH-000078,Neuroblastoma
ACH-000082,Osteosarcoma
ACH-000085,Pancreatic Adenocarcinoma
ACH-000086,Pleural Mesothelioma
ACH-000087,Ewing Sarcoma
ACH-000090,Prostate Adenocarcinoma
ACH-000092,Pleural Mesothelioma
ACH-000093,Pancreatic Adenocarcinoma
ACH-000094,Pancreatic Adenocarcinoma
ACH-000095,Embryonal Tumor
ACH-000096,Rhabdoid Cancer
ACH-000097,Invasive Breast Carcinoma
ACH-000098,Diffuse Glioma
ACH-000099,Neuroblastoma
ACH-000100,Rhabdomyosarcoma
ACH-000101,T-Lymphoblastic Leukemia/Lymphoma
ACH-000103,Ovarian Epithelial Tumor
ACH-000106,Mature B-Cell Neoplasms
ACH-000111,Invasive Breast Carcinoma
ACH-000113,Acute Myeloid Leukemia
ACH-000114,Pancreatic Adenocarcinoma
ACH-000115,Prostate Adenocarcinoma
ACH-000116,Ovarian Epithelial Tumor
ACH-000118,Pancreatic Adenocarcinoma
ACH-000120,Neuroblastoma
ACH-000123,Ovarian Epithelial Tumor
ACH-000124,Mature B-Cell Neoplasms
ACH-000127,Bladder Urothelial Carcinoma
ACH-000128,Diffuse Glioma
ACH-000132,Ovarian Epithelial Tumor
ACH-000137,Diffuse Glioma
ACH-000138,Pancreatic Adenocarcinoma
ACH-000139,Pancreatic Adenocarcinoma
ACH-000141,Intracholecystic Papillary Neoplasm
ACH-000142,Bladder Urothelial Carcinoma
ACH-000143,Non-Small Cell Lung Cancer
ACH-000144,Esophagogastric Adenocarcinoma
ACH-000146,Acute Myeloid Leukemia
ACH-000147,Invasive Breast Carcinoma
ACH-000148,Invasive Breast Carcinoma
ACH-000149,Neuroblastoma
ACH-000151,B-Cell Acute Lymphoblastic Leukemia
ACH-000152,Diffuse Glioma
ACH-000153,Pleural Mesothelioma
ACH-000155,Pancreatic Adenocarcinoma
ACH-000159,Renal Cell Carcinoma
ACH-000160,Embryonal Tumor
ACH-000161,Non-Small Cell Lung Cancer
ACH-000163,Head and Neck Squamous Cell Carcinoma
ACH-000164,Pancreatic Adenocarcinoma
ACH-000167,Mature B-Cell Neoplasms
ACH-000168,Acute Myeloid Leukemia
ACH-000169,Rhabdomyosarcoma
ACH-000172,Rhabdoid Cancer
ACH-000174,Anaplastic Thyroid Cancer
ACH-000176,Non-Small Cell Lung Cancer
ACH-000178,Pancreatic Adenocarcinoma
ACH-000181,Head and Neck Squamous Cell Carcinoma
ACH-000182,Ampullary Carcinoma
ACH-000183,Mature B-Cell Neoplasms
ACH-000187,Lung Neuroendocrine Tumor
ACH-000188,Head and Neck Squamous Cell Carcinoma
ACH-000189,Renal Cell Carcinoma
ACH-000190,Acute Myeloid Leukemia
ACH-000191,Anaplastic Thyroid Cancer
ACH-000192,Endometrial Carcinoma
ACH-000195,Acute Myeloid Leukemia
ACH-000198,Acute Myeloid Leukemia
ACH-000200,Diffuse Glioma
ACH-000202,Colorectal Adenocarcinoma
ACH-000203,Neuroblastoma
ACH-000204,Mature B-Cell Neoplasms
ACH-000207,Head and Neck Squamous Cell Carcinoma
ACH-000208,Diffuse Glioma
ACH-000209,Intraductal Papillary Neoplasm of the Bile Duct
ACH-000210,Ewing Sarcoma
ACH-000211,Embryonal Tumor
ACH-000212,Invasive Breast Carcinoma
ACH-000213,Pancreatic Adenocarcinoma
ACH-000215,Diffuse Glioma
ACH-000216,Esophagogastric Adenocarcinoma
ACH-000217,Hepatocellular Carcinoma
ACH-000219,Melanoma
ACH-000221,Hepatocellular Carcinoma
ACH-000222,Pancreatic Adenocarcinoma
ACH-000223,Invasive Breast Carcinoma
ACH-000226,Mature T and NK Neoplasms
ACH-000227,Neuroblastoma
ACH-000228,Head and Neck Squamous Cell Carcinoma
ACH-000231,Diffuse Glioma
ACH-000232,Diffuse Glioma
ACH-000233,Mature T and NK Neoplasms
ACH-000234,Renal Cell Carcinoma
ACH-000235,Pancreatic Adenocarcinoma
ACH-000237,Ovarian Epithelial Tumor
ACH-000238,Head and Neck Squamous Cell Carcinoma
ACH-000239,Esophagogastric Adenocarcinoma
ACH-000242,Bladder Urothelial Carcinoma
ACH-000243,Pancreatic Adenocarcinoma
ACH-000244,Diffuse Glioma
ACH-000246,Renal Cell Carcinoma
ACH-000247,Esophagogastric Adenocarcinoma
ACH-000248,Invasive Breast Carcinoma
ACH-000249,Colorectal Adenocarcinoma
ACH-000250,Renal Cell Carcinoma
ACH-000251,Non-Small Cell Lung Cancer
ACH-000252,Colorectal Adenocarcinoma
ACH-000253,Colorectal Adenocarcinoma
ACH-000255,Esophagogastric Adenocarcinoma
ACH-000256,Ovarian Epithelial Tumor
ACH-000257,Lung Neuroendocrine Tumor
ACH-000258,Invasive Breast Carcinoma
ACH-000259,Neuroblastoma
ACH-000260,Neuroblastoma
ACH-000261,Non-Small Cell Lung Cancer
ACH-000262,Renal Cell Carcinoma
ACH-000263,Acute Myeloid Leukemia
ACH-000264,Non-Small Cell Lung Cancer
ACH-000265,Pancreatic Adenocarcinoma
ACH-000266,Pancreatic Adenocarcinoma
ACH-000268,Intraductal Papillary Neoplasm of the Bile Duct
ACH-000269,Diffuse Glioma
ACH-000271,Mature B-Cell Neoplasms
ACH-000272,Renal Cell Carcinoma
ACH-000273,Diffuse Glioma
ACH-000274,Melanoma
ACH-000276,Invasive Breast Carcinoma
ACH-000277,Invasive Breast Carcinoma
ACH-000278,Ovarian Epithelial Tumor
ACH-000279,Ewing Sarcoma
ACH-000280,Ovarian Epithelial Tumor
ACH-000281,Pancreatic Adenocarcinoma
ACH-000286,Colorectal Adenocarcinoma
ACH-000288,Invasive Breast Carcinoma
ACH-000290,Lung Neuroendocrine Tumor
ACH-000291,Ovarian Epithelial Tumor
ACH-000293,Endometrial Carcinoma
ACH-000294,Acute Myeloid Leukemia
ACH-000295,Myeloproliferative Neoplasms
ACH-000296,Colorectal Adenocarcinoma
ACH-000302,Endometrial Carcinoma
ACH-000303,Esophagogastric Adenocarcinoma
ACH-000304,Melanoma
ACH-000305,Esophageal Squamous Cell Carcinoma
ACH-000307,Pancreatic Adenocarcinoma
ACH-000308,Ovarian Epithelial Tumor
ACH-000310,Neuroblastoma
ACH-000311,Non-Small Cell Lung Cancer
ACH-000312,Neuroblastoma
ACH-000313,Renal Cell Carcinoma
ACH-000315,Mature B-Cell Neoplasms
ACH-000316,Hepatocellular Carcinoma
ACH-000317,Renal Cell Carcinoma
ACH-000318,Esophageal Squamous Cell Carcinoma
ACH-000319,Pleural Mesothelioma
ACH-000320,Pancreatic Adenocarcinoma
ACH-000322,Melanoma
ACH-000323,Diffuse Glioma
ACH-000324,Ovarian Epithelial Tumor
ACH-000325,Esophagogastric Adenocarcinoma
ACH-000326,Myeloproliferative Neoplasms
ACH-000329,Diffuse Glioma
ACH-000330,Invasive Breast Carcinoma
ACH-000331,Pleural Mesothelioma
ACH-000332,Pancreatic Adenocarcinoma
ACH-000334,Mature B-Cell Neoplasms
ACH-000335,Pleural Mesothelioma
ACH-000336,Acute Myeloid Leukemia
ACH-000337,Non-Small Cell Lung Cancer
ACH-000338,Mature T and NK Neoplasms
ACH-000339,Non-Small Cell Lung Cancer
ACH-000341,Neuroblastoma
ACH-000343,Non-Small Cell Lung Cancer
ACH-000344,Esophagogastric Adenocarcinoma
ACH-000345,Neuroblastoma
ACH-000346,Mature B-Cell Neoplasms
ACH-000348,Melanoma
ACH-000350,Colorectal Adenocarcinoma
ACH-000352,Invasive Breast Carcinoma
ACH-000354,Pancreatic Adenocarcinoma
ACH-000355,Lung Neuroendocrine Tumor
ACH-000356,Esophagogastric Adenocarcinoma
ACH-000359,Osteosarcoma
ACH-000361,Hepatocellular Carcinoma
ACH-000362,Acute Myeloid Leukemia
ACH-000363,Mature B-Cell Neoplasms
ACH-000364,Osteosarcoma
ACH-000365,Mature B-Cell Neoplasms
ACH-000366,Neuroblastoma
ACH-000367,Pleural Mesothelioma
ACH-000368,Diffuse Glioma
ACH-000370,Diffuse Glioma
ACH-000371,Mature B-Cell Neoplasms
ACH-000373,Acute Myeloid Leukemia
ACH-000374,Invasive Breast Carcinoma
ACH-000375,Rhabdoid Cancer
ACH-000376,Diffuse Glioma
ACH-000377,Ampullary Carcinoma
ACH-000378,Non-Small Cell Lung Cancer
ACH-000381,Colorectal Adenocarcinoma
ACH-000383,Esophagogastric Adenocarcinoma
ACH-000385,Renal Cell Carcinoma
ACH-000387,Acute Myeloid Leukemia
ACH-000389,Diffuse Glioma
ACH-000390,Non-Small Cell Lung Cancer
ACH-000391,Ewing Sarcoma
ACH-000393,Hepatocellular Carcinoma
ACH-000395,Non-Small Cell Lung Cancer
ACH-000396,Bladder Urothelial Carcinoma
ACH-000397,Endometrial Carcinoma
ACH-000398,Mature B-Cell Neoplasms
ACH-000401,Melanoma
ACH-000402,Mature B-Cell Neoplasms
ACH-000403,Colorectal Adenocarcinoma
ACH-000404,Melanoma
ACH-000405,Mature B-Cell Neoplasms
ACH-000406,Acute Myeloid Leukemia
ACH-000407,Endometrial Carcinoma
ACH-000408,Esophageal Squamous Cell Carcinoma
ACH-000410,Osteosarcoma
ACH-000411,Renal Cell Carcinoma
ACH-000414,Non-Small Cell Lung Cancer
ACH-000415,Head and Neck Squamous Cell Carcinoma
ACH-000416,Non-Small Cell Lung Cancer
ACH-000417,Pancreatic Adenocarcinoma
ACH-000420,Hepatocellular Carcinoma
ACH-000421,Colorectal Adenocarcinoma
ACH-000422,Hepatocellular Carcinoma
ACH-000424,Ewing Sarcoma
ACH-000425,Melanoma
ACH-000426,Mature B-Cell Neoplasms
ACH-000427,Esophagogastric Adenocarcinoma
ACH-000430,Ovarian Epithelial Tumor
ACH-000431,Lung Neuroendocrine Tumor
ACH-000433,Renal Cell Carcinoma
ACH-000434,Non-Small Cell Lung Cancer
ACH-000435,Endometrial Carcinoma
ACH-000436,Mature B-Cell Neoplasms
ACH-000437,Diffuse Glioma
ACH-000438,Non-Small Cell Lung Cancer
ACH-000441,Melanoma
ACH-000442,Non-Small Cell Lung Cancer
ACH-000444,Non-Small Cell Lung Cancer
ACH-000445,Diffuse Glioma
ACH-000446,Neuroblastoma
ACH-000448,Non-Small Cell Lung Cancer
ACH-000450,Melanoma
ACH-000452,Esophageal Squamous Cell Carcinoma
ACH-000454,Non-Small Cell Lung Cancer
ACH-000455,Diffuse Glioma
ACH-000458,Melanoma
ACH-000459,Renal Cell Carcinoma
ACH-000460,Ovarian Epithelial Tumor
ACH-000461,Intraductal Papillary Neoplasm of the Bile Duct
ACH-000463,Non-Small Cell Lung Cancer
ACH-000464,Diffuse Glioma
ACH-000466,Esophagogastric Adenocarcinoma
ACH-000467,Colorectal Adenocarcinoma
ACH-000468,Pancreatic Adenocarcinoma
ACH-000469,Diffuse Glioma
ACH-000470,Colorectal Adenocarcinoma
ACH-000471,Hepatocellular Carcinoma
ACH-000472,Head and Neck Squamous Cell Carcinoma
ACH-000473,Bladder Urothelial Carcinoma
ACH-000475,Hepatocellular Carcinoma
ACH-000476,Hepatocellular Carcinoma
ACH-000477,Melanoma
ACH-000478,Hepatocellular Carcinoma
ACH-000479,Diffuse Glioma
ACH-000480,Hepatocellular Carcinoma
ACH-000481,Non-Small Cell Lung Cancer
ACH-000483,Hepatocellular Carcinoma
ACH-000484,Renal Cell Carcinoma
ACH-000485,Esophagogastric Adenocarcinoma
ACH-000486,Bladder Urothelial Carcinoma
ACH-000487,Acute Myeloid Leukemia
ACH-000488,Esophageal Squamous Cell Carcinoma
ACH-000489,Colorectal Adenocarcinoma
ACH-000490,Cervical Squamous Cell Carcinoma
ACH-000491,Colorectal Adenocarcinoma
ACH-000493,Hepatocellular Carcinoma
ACH-000495,Renal Cell Carcinoma
ACH-000496,Non-Small Cell Lung Cancer
ACH-000498,Acute Myeloid Leukemia
ACH-000499,Ewing Sarcoma
ACH-000500,Head and Neck Squamous Cell Carcinoma
ACH-000501,Colorectal Adenocarcinoma
ACH-000502,Pancreatic Adenocarcinoma
ACH-000503,Head and Neck Squamous Cell Carcinoma
ACH-000504,Diffuse Glioma
ACH-000507,Esophagogastric Adenocarcinoma
ACH-000510,Non-Small Cell Lung Cancer
ACH-000511,Non-Small Cell Lung Cancer
ACH-000512,Mature B-Cell Neoplasms
ACH-000514,Lung Neuroendocrine Tumor
ACH-000515,Lung Neuroendocrine Tumor
ACH-000517,Pancreatic Adenocarcinoma
ACH-000518,Head and Neck Squamous Cell Carcinoma
ACH-000519,T-Lymphoblastic Leukemia/Lymphoma
ACH-000520,Ovarian Epithelial Tumor
ACH-000521,Non-Small Cell Lung Cancer
ACH-000522,Bladder Urothelial Carcinoma
ACH-000524,Ovarian Epithelial Tumor
ACH-000525,Lung Neuroendocrine Tumor
ACH-000527,Ovarian Epithelial Tumor
ACH-000528,Non-Small Cell Lung Cancer
ACH-000532,Colorectal Adenocarcinoma
ACH-000533,Rhabdoid Cancer
ACH-000535,Pancreatic Adenocarcinoma
ACH-000537,Hepatocellular Carcinoma
ACH-000541,Mature B-Cell Neoplasms
ACH-000542,Ovarian Epithelial Tumor
ACH-000544,Esophageal Squamous Cell Carcinoma
ACH-000545,Bladder Urothelial Carcinoma
ACH-000546,Head and Neck Squamous Cell Carcinoma
ACH-000547,Bladder Urothelial Carcinoma
ACH-000548,Head and Neck Squamous Cell Carcinoma
ACH-000549,Head and Neck Squamous Cell Carcinoma
ACH-000550,Melanoma
ACH-000551,Myeloproliferative Neoplasms
ACH-000552,Colorectal Adenocarcinoma
ACH-000554,Invasive Breast Carcinoma
ACH-000556,Cervical Squamous Cell Carcinoma
ACH-000557,Acute Myeloid Leukemia
ACH-000558,Diffuse Glioma
ACH-000559,Lung Neuroendocrine Tumor
ACH-000561,Esophageal Squamous Cell Carcinoma
ACH-000562,Non-Small Cell Lung Cancer
ACH-000563,Non-Small Cell Lung Cancer
ACH-000565,Colorectal Adenocarcinoma
ACH-000567,Mature B-Cell Neoplasms
ACH-000569,Pleural Mesothelioma
ACH-000570,Diffuse Glioma
ACH-000571,Diffuse Glioma
ACH-000573,Invasive Breast Carcinoma
ACH-000576,Mature B-Cell Neoplasms
ACH-000577,Hepatocellular Carcinoma
ACH-000579,Melanoma
ACH-000580,Melanoma
ACH-000581,Esophagogastric Adenocarcinoma
ACH-000583,Non-Hodgkin Lymphoma
ACH-000584,Ovarian Epithelial Tumor
ACH-000585,Non-Small Cell Lung Cancer
ACH-000587,Non-Small Cell Lung Cancer
ACH-000588,Mature B-Cell Neoplasms
ACH-000589,Non-Small Cell Lung Cancer
ACH-000591,Diffuse Glioma
ACH-000592,Diffuse Glioma
ACH-000593,Bladder Urothelial Carcinoma
ACH-000595,Diffuse Glioma
ACH-000596,Non-Small Cell Lung Cancer
ACH-000597,Rhabdoid Cancer
ACH-000599,Pancreatic Adenocarcinoma
ACH-000601,Pancreatic Adenocarcinoma
ACH-000602,Acute Myeloid Leukemia
ACH-000604,Myeloproliferative Neoplasms
ACH-000605,Esophageal Squamous Cell Carcinoma
ACH-000606,Head and Neck Squamous Cell Carcinoma
ACH-000607,Rhabdoid Cancer
ACH-000608,Ovarian Epithelial Tumor
ACH-000609,Diffuse Glioma
ACH-000614,Melanoma
ACH-000616,Esophagogastric Adenocarcinoma
ACH-000618,Head and Neck Squamous Cell Carcinoma
ACH-000619,Head and Neck Squamous Cell Carcinoma
ACH-000620,Hepatocellular Carcinoma
ACH-000621,Invasive Breast Carcinoma
ACH-000622,Diffuse Glioma
ACH-000623,Diffuse Glioma
ACH-000627,Non-Small Cell Lung Cancer
ACH-000630,Head and Neck Squamous Cell Carcinoma
ACH-000631,Diffuse Glioma
ACH-000632,Melanoma
ACH-000633,Esophagogastric Adenocarcinoma
ACH-000634,Diffuse Glioma
ACH-000637,Esophageal Squamous Cell Carcinoma
ACH-000638,Non-Small Cell Lung Cancer
ACH-000639,Lung Neuroendocrine Tumor
ACH-000645,Pleural Mesothelioma
ACH-000646,Ovarian Epithelial Tumor
ACH-000647,Esophageal Squamous Cell Carcinoma
ACH-000648,Pleural Mesothelioma
ACH-000649,Renal Cell Carcinoma
ACH-000651,Colorectal Adenocarcinoma
ACH-000652,Pancreatic Adenocarcinoma
ACH-000653,Mature B-Cell Neoplasms
ACH-000654,Non-Hodgkin Lymphoma
ACH-000655,Diffuse Glioma
ACH-000656,Mature B-Cell Neoplasms
ACH-000657,Ovarian Epithelial Tumor
ACH-000660,Mature B-Cell Neoplasms
ACH-000661,Melanoma
ACH-000662,Non-Small Cell Lung Cancer
ACH-000663,Ovarian Epithelial Tumor
ACH-000664,Mature T and NK Neoplasms
ACH-000665,Non-Small Cell Lung Cancer
ACH-000666,Non-Small Cell Lung Cancer
ACH-000667,Non-Small Cell Lung Cancer
ACH-000668,Invasive Breast Carcinoma
ACH-000672,Non-Small Cell Lung Cancer
ACH-000673,Diffuse Glioma
ACH-000676,Melanoma
ACH-000677,Non-Small Cell Lung Cancer
ACH-000681,Non-Small Cell Lung Cancer
ACH-000682,Head and Neck Squamous Cell Carcinoma
ACH-000683,Colorectal Adenocarcinoma
ACH-000684,Renal Cell Carcinoma
ACH-000688,Ovarian Epithelial Tumor
ACH-000693,Esophageal Squamous Cell Carcinoma
ACH-000694,Esophageal Squamous Cell Carcinoma
ACH-000695,Lung Neuroendocrine Tumor
ACH-000696,Ovarian Epithelial Tumor
ACH-000697,Mature B-Cell Neoplasms
ACH-000698,Lung Neuroendocrine Tumor
ACH-000699,Invasive Breast Carcinoma
ACH-000700,Non-Small Cell Lung Cancer
ACH-000701,Ovarian Epithelial Tumor
ACH-000704,Ovarian Epithelial Tumor
ACH-000706,Non-Small Cell Lung Cancer
ACH-000709,Renal Cell Carcinoma
ACH-000711,Invasive Breast Carcinoma
ACH-000713,Ovarian Epithelial Tumor
ACH-000714,Mature B-Cell Neoplasms
ACH-000717,Esophageal Squamous Cell Carcinoma
ACH-000718,Non-Small Cell Lung Cancer
ACH-000719,Ovarian Epithelial Tumor
ACH-000720,Bladder Urothelial Carcinoma
ACH-000721,Invasive Breast Carcinoma
ACH-000722,Colorectal Adenocarcinoma
ACH-000724,Bladder Urothelial Carcinoma
ACH-000732,Head and Neck Squamous Cell Carcinoma
ACH-000734,Hepatocellular Carcinoma
ACH-000735,Head and Neck Squamous Cell Carcinoma
ACH-000736,Esophagogastric Adenocarcinoma
ACH-000738,Diffuse Glioma
ACH-000740,Head and Neck Squamous Cell Carcinoma
ACH-000741,Bladder Urothelial Carcinoma
ACH-000746,Esophagogastric Adenocarcinoma
ACH-000747,Non-Small Cell Lung Cancer
ACH-000748,Osteosarcoma
ACH-000749,Lung Neuroendocrine Tumor
ACH-000753,Bladder Urothelial Carcinoma
ACH-000756,Diffuse Glioma
ACH-000757,Non-Small Cell Lung Cancer
ACH-000758,Esophagogastric Adenocarcinoma
ACH-000760,Diffuse Glioma
ACH-000762,Head and Neck Squamous Cell Carcinoma
ACH-000763,Mature B-Cell Neoplasms
ACH-000764,Esophagogastric Adenocarcinoma
ACH-000765,Melanoma
ACH-000766,Non-Small Cell Lung Cancer
ACH-000767,Lung Neuroendocrine Tumor
ACH-000768,Invasive Breast Carcinoma
ACH-000769,Non-Small Cell Lung Cancer
ACH-000770,Acute Myeloid Leukemia
ACH-000771,Head and Neck Squamous Cell Carcinoma
ACH-000773,Mature T and NK Neoplasms
ACH-000774,Non-Small Cell Lung Cancer
ACH-000775,Lung Neuroendocrine Tumor
ACH-000776,Embryonal Tumor
ACH-000777,Esophageal Squamous Cell Carcinoma
ACH-000778,Head and Neck Squamous Cell Carcinoma
ACH-000781,Non-Small Cell Lung Cancer
ACH-000782,B-Cell Acute Lymphoblastic Leukemia
ACH-000783,Invasive Breast Carcinoma
ACH-000784,Esophageal Squamous Cell Carcinoma
ACH-000785,Non-Small Cell Lung Cancer
ACH-000787,Non-Small Cell Lung Cancer
ACH-000788,Melanoma
ACH-000790,Lung Neuroendocrine Tumor
ACH-000791,Non-Small Cell Lung Cancer
ACH-000792,Renal Cell Carcinoma
ACH-000793,Esophagogastric Adenocarcinoma
ACH-000794,Head and Neck Squamous Cell Carcinoma
ACH-000796,Ovarian Epithelial Tumor
ACH-000798,Colorectal Adenocarcinoma
ACH-000799,Melanoma
ACH-000800,Lung Neuroendocrine Tumor
ACH-000801,Melanoma
ACH-000802,Bladder Urothelial Carcinoma
ACH-000804,Neuroblastoma
ACH-000805,Melanoma
ACH-000807,Diffuse Glioma
ACH-000809,Esophageal Squamous Cell Carcinoma
ACH-000810,Melanoma
ACH-000811,Ovarian Epithelial Tumor
ACH-000817,Mature B-Cell Neoplasms
ACH-000819,Diffuse Glioma
ACH-000820,Colorectal Adenocarcinoma
ACH-000821,Mature B-Cell Neoplasms
ACH-000822,Melanoma
ACH-000823,Esophageal Squamous Cell Carcinoma
ACH-000824,Esophageal Squamous Cell Carcinoma
ACH-000826,Non-Small Cell Lung Cancer
ACH-000827,Melanoma
ACH-000829,Mature B-Cell Neoplasms
ACH-000831,Endometrial Carcinoma
ACH-000832,Head and Neck Squamous Cell Carcinoma
ACH-000833,Rhabdomyosarcoma
ACH-000834,Bladder Urothelial Carcinoma
ACH-000835,Undifferentiated Pleomorphic Sarcoma/Malignant Fibrous Histiocytoma/High-Grade Spindle Cell Sarcoma
ACH-000836,Head and Neck Squamous Cell Carcinoma
ACH-000837,Non-Small Cell Lung Cancer
ACH-000838,Mature B-Cell Neoplasms
ACH-000840,Non-Small Cell Lung Cancer
ACH-000841,Non-Small Cell Lung Cancer
ACH-000843,Non-Small Cell Lung Cancer
ACH-000845,Non-Small Cell Lung Cancer
ACH-000846,Head and Neck Squamous Cell Carcinoma
ACH-000847,Esophagogastric Adenocarcinoma
ACH-000848,Hepatocellular Carcinoma
ACH-000849,Invasive Breast Carcinoma
ACH-000851,Non-Small Cell Lung Cancer
ACH-000853,Non-Small Cell Lung Cancer
ACH-000855,Esophageal Squamous Cell Carcinoma
ACH-000856,Invasive Breast Carcinoma
ACH-000858,Non-Small Cell Lung Cancer
ACH-000860,Non-Small Cell Lung Cancer
ACH-000861,Non-Small Cell Lung Cancer
ACH-000862,Bladder Urothelial Carcinoma
ACH-000863,Diffuse Glioma
ACH-000864,Endometrial Carcinoma
ACH-000865,Esophageal Squamous Cell Carcinoma
ACH-000866,Lung Neuroendocrine Tumor
ACH-000867,Non-Small Cell Lung Cancer
ACH-000869,Non-Small Cell Lung Cancer
ACH-000871,Lung Neuroendocrine Tumor
ACH-000872,Non-Small Cell Lung Cancer
ACH-000873,Esophageal Squamous Cell Carcinoma
ACH-000874,B-Cell Acute Lymphoblastic Leukemia
ACH-000876,Invasive Breast Carcinoma
ACH-000878,Non-Small Cell Lung Cancer
ACH-000879,Endometrial Carcinoma
ACH-000880,Esophagogastric Adenocarcinoma
ACH-000881,Melanoma
ACH-000882,Melanoma
ACH-000884,Melanoma
ACH-000885,Ovarian Epithelial Tumor
ACH-000886,Non-Small Cell Lung Cancer
ACH-000887,Diffuse Glioma
ACH-000888,Non-Small Cell Lung Cancer
ACH-000889,Mature B-Cell Neoplasms
ACH-000894,Non-Small Cell Lung Cancer
ACH-000896,Bladder Urothelial Carcinoma
ACH-000898,Esophagogastric Adenocarcinoma
ACH-000899,Melanoma
ACH-000900,Non-Small Cell Lung Cancer
ACH-000901,Non-Small Cell Lung Cancer
ACH-000905,Bladder Urothelial Carcinoma
ACH-000906,Ovarian Epithelial Tumor
ACH-000907,Renal Cell Carcinoma
ACH-000910,Invasive Breast Carcinoma
ACH-000911,Esophagogastric Adenocarcinoma
ACH-000912,Lung Neuroendocrine Tumor
ACH-000914,Mature B-Cell Neoplasms
ACH-000915,Melanoma
ACH-000916,Non-Small Cell Lung Cancer
ACH-000917,Esophageal Squamous Cell Carcinoma
ACH-000919,Esophagogastric Adenocarcinoma
ACH-000920,Myeloproliferative Neoplasms
ACH-000921,Non-Small Cell Lung Cancer
ACH-000922,B-Cell Acute Lymphoblastic Leukemia
ACH-000924,Non-Small Cell Lung Cancer
ACH-000926,Colorectal Adenocarcinoma
ACH-000928,Endometrial Carcinoma
ACH-000929,Non-Small Cell Lung Cancer
ACH-000932,Esophagogastric Adenocarcinoma
ACH-000934,Invasive Breast Carcinoma
ACH-000935,Colorectal Adenocarcinoma
ACH-000936,Ovarian Epithelial Tumor
ACH-000937,T-Lymphoblastic Leukemia/Lymphoma
ACH-000938,B-Cell Acute Lymphoblastic Leukemia
ACH-000941,Endometrial Carcinoma
ACH-000943,Colorectal Adenocarcinoma
ACH-000944,Mature B-Cell Neoplasms
ACH-000945,Non-Small Cell Lung Cancer
ACH-000946,Endometrial Carcinoma
ACH-000947,Ovarian Epithelial Tumor
ACH-000948,Esophagogastric Adenocarcinoma
ACH-000950,Colorectal Adenocarcinoma
ACH-000953,T-Lymphoblastic Leukemia/Lymphoma
ACH-000956,Prostate Adenocarcinoma
ACH-000957,Colorectal Adenocarcinoma
ACH-000958,Colorectal Adenocarcinoma
ACH-000959,Colorectal Adenocarcinoma
ACH-000960,B-Cell Acute Lymphoblastic Leukemia
ACH-000961,Endometrial Carcinoma
ACH-000962,Ovarian Epithelial Tumor
ACH-000963,Colorectal Adenocarcinoma
ACH-000965,Endometrial Carcinoma
ACH-000966,Ovarian Epithelial Tumor
ACH-000968,Melanoma
ACH-000969,Colorectal Adenocarcinoma
ACH-000970,Colorectal Adenocarcinoma
ACH-000971,Colorectal Adenocarcinoma
ACH-000972,Endometrial Carcinoma
ACH-000974,Endometrial Carcinoma
ACH-000975,Non-Small Cell Lung Cancer
ACH-000976,Intraductal Papillary Neoplasm of the Bile Duct
ACH-000977,Prostate Adenocarcinoma
ACH-000978,Endometrial Carcinoma
ACH-000979,Prostate Adenocarcinoma
ACH-000980,Non-Small Cell Lung Cancer
ACH-000983,Myeloproliferative Neoplasms
ACH-000984,Endometrial Carcinoma
ACH-000985,Colorectal Adenocarcinoma
ACH-000986,Colorectal Adenocarcinoma
ACH-000988,Endometrial Carcinoma
ACH-000991,Colorectal Adenocarcinoma
ACH-000993,Endometrial Carcinoma
ACH-000994,Endometrial Carcinoma
ACH-000995,T-Lymphoblastic Leukemia/Lymphoma
ACH-000996,Endometrial Carcinoma
ACH-000997,Colorectal Adenocarcinoma
ACH-001001,Osteosarcoma
ACH-001016,Diffuse Glioma
ACH-001020,Embryonal Tumor
ACH-001028,Embryonal Tumor
ACH-001029,Ewing Sarcoma
ACH-001031,Embryonal Tumor
ACH-001033,Embryonal Tumor
ACH-001036,Acute Myeloid Leukemia
ACH-001038,Ewing Sarcoma
ACH-001039,Colorectal Adenocarcinoma
ACH-001041,Melanoma
ACH-001048,Ovarian Epithelial Tumor
ACH-001050,Rhabdomyosarcoma
ACH-001053,Embryonal Tumor
ACH-001054,Embryonal Tumor
ACH-001061,Colorectal Adenocarcinoma
ACH-001065,Invasive Breast Carcinoma
ACH-001075,Non-Small Cell Lung Cancer
ACH-001081,Colorectal Adenocarcinoma
ACH-001096,Rhabdomyosarcoma
ACH-001098,Pancreatic Adenocarcinoma
ACH-001099,Rhabdoid Cancer
ACH-001107,Pancreatic Adenocarcinoma
ACH-001111,Mature T and NK Neoplasms
ACH-001119,Mature T and NK Neoplasms
ACH-001126,Diffuse Glioma
ACH-001128,Rhabdoid Cancer
ACH-001129,Acute Myeloid Leukemia
ACH-001134,Non-Hodgkin Lymphoma
ACH-001137,Non-Small Cell Lung Cancer
ACH-001145,Ovarian Epithelial Tumor
ACH-001151,Ovarian Epithelial Tumor
ACH-001163,Renal Cell Carcinoma
ACH-001164,Undifferentiated Pleomorphic Sarcoma/Malignant Fibrous Histiocytoma/High-Grade Spindle Cell Sarcoma
ACH-001172,Diffuse Glioma
ACH-001183,Bladder Urothelial Carcinoma
ACH-001184,Rhabdomyosarcoma
ACH-001188,Neuroblastoma
ACH-001190,Melanoma
ACH-001192,Ewing Sarcoma
ACH-001193,Ewing Sarcoma
ACH-001194,Renal Cell Carcinoma
ACH-001196,Rhabdomyosarcoma
ACH-001197,Non-Hodgkin Lymphoma
ACH-001205,Ewing Sarcoma
ACH-001211,Rhabdoid Cancer
ACH-001227,Head and Neck Squamous Cell Carcinoma
ACH-001228,Head and Neck Squamous Cell Carcinoma
ACH-001229,Head and Neck Squamous Cell Carcinoma
ACH-001232,Embryonal Tumor
ACH-001233,Non-Small Cell Lung Cancer
ACH-001239,Melanoma
ACH-001270,Synovial Sarcoma
ACH-001274,Synovial Sarcoma
ACH-001275,Osteosarcoma
ACH-001277,Synovial Sarcoma
ACH-001278,Ovarian Epithelial Tumor
ACH-001279,Ovarian Epithelial Tumor
ACH-001280,Synovial Sarcoma
ACH-001283,Ewing Sarcoma
ACH-001289,Embryonal Tumor
ACH-001300,Neuroblastoma
ACH-001301,Neuroblastoma
ACH-001302,Neuroblastoma
ACH-001303,Neuroblastoma
ACH-001306,Anaplastic Thyroid Cancer
ACH-001307,Anaplastic Thyroid Cancer
ACH-001318,Hepatocellular Carcinoma
ACH-001322,Synovial Sarcoma
ACH-001328,Cutaneous Squamous Cell Carcinoma
ACH-001329,Diffuse Glioma
ACH-001331,Head and Neck Squamous Cell Carcinoma
ACH-001332,Head and Neck Squamous Cell Carcinoma
ACH-001333,Cervical Squamous Cell Carcinoma
ACH-001334,Cervical Squamous Cell Carcinoma
ACH-001335,Cervical Squamous Cell Carcinoma
ACH-001336,Cervical Squamous Cell Carcinoma
ACH-001338,Neuroblastoma
ACH-001340,Ovarian Epithelial Tumor
ACH-001344,Neuroblastoma
ACH-001345,Colorectal Adenocarcinoma
ACH-001346,Head and Neck Squamous Cell Carcinoma
ACH-001347,Head and Neck Squamous Cell Carcinoma
ACH-001353,Pancreatic Adenocarcinoma
ACH-001354,Neuroblastoma
ACH-001356,Anaplastic Thyroid Cancer
ACH-001360,Cervical Squamous Cell Carcinoma
ACH-001366,Neuroblastoma
ACH-001367,Neuroblastoma
ACH-001368,Esophagogastric Adenocarcinoma
ACH-001370,Ovarian Epithelial Tumor
ACH-001375,Pancreatic Adenocarcinoma
ACH-001376,Pancreatic Adenocarcinoma
ACH-001377,Pancreatic Adenocarcinoma
ACH-001379,Pancreatic Adenocarcinoma
ACH-001380,Pancreatic Adenocarcinoma
ACH-001382,Pancreatic Adenocarcinoma
ACH-001386,Lung Neuroendocrine Tumor
ACH-001388,Invasive Breast Carcinoma
ACH-001389,Invasive Breast Carcinoma
ACH-001390,Invasive Breast Carcinoma
ACH-001391,Invasive Breast Carcinoma
ACH-001392,Invasive Breast Carcinoma
ACH-001393,Invasive Breast Carcinoma
ACH-001394,Invasive Breast Carcinoma
ACH-001396,Invasive Breast Carcinoma
ACH-001398,Renal Cell Carcinoma
ACH-001399,Colorectal Adenocarcinoma
ACH-001402,Cervical Squamous Cell Carcinoma
ACH-001403,Ovarian Epithelial Tumor
ACH-001407,Bladder Urothelial Carcinoma
ACH-001409,Bladder Urothelial Carcinoma
ACH-001412,Bladder Urothelial Carcinoma
ACH-001413,Bladder Urothelial Carcinoma
ACH-001414,Bladder Urothelial Carcinoma
ACH-001415,Bladder Urothelial Carcinoma
ACH-001416,Bladder Urothelial Carcinoma
ACH-001418,Ovarian Epithelial Tumor
ACH-001419,Invasive Breast Carcinoma
ACH-001430,Ewing Sarcoma
ACH-001431,Ewing Sarcoma
ACH-001436,Non-Seminomatous Germ Cell Tumor
ACH-001442,Cutaneous Squamous Cell Carcinoma
ACH-001443,Anaplastic Thyroid Cancer
ACH-001450,Mature B-Cell Neoplasms
ACH-001451,Cervical Squamous Cell Carcinoma
ACH-001454,Colorectal Adenocarcinoma
ACH-001458,Colorectal Adenocarcinoma
ACH-001459,Colorectal Adenocarcinoma
ACH-001460,Colorectal Adenocarcinoma
ACH-001461,Colorectal Adenocarcinoma
ACH-001481,Neuroblastoma
ACH-001484,Mature B-Cell Neoplasms
ACH-001494,Intraductal Papillary Neoplasm of the Bile Duct
ACH-001495,Endometrial Carcinoma
ACH-001496,Esophagogastric Adenocarcinoma
ACH-001497,Esophagogastric Adenocarcinoma
ACH-001498,Mature B-Cell Neoplasms
ACH-001500,Esophagogastric Adenocarcinoma
ACH-001502,Non-Seminomatous Germ Cell Tumor
ACH-001508,Head and Neck Squamous Cell Carcinoma
ACH-001509,Head and Neck Squamous Cell Carcinoma
ACH-001510,Head and Neck Squamous Cell Carcinoma
ACH-001511,Head and Neck Squamous Cell Carcinoma
ACH-001515,Cervical Squamous Cell Carcinoma
ACH-001517,Endometrial Carcinoma
ACH-001518,Endometrial Carcinoma
ACH-001521,Cutaneous Squamous Cell Carcinoma
ACH-001522,Melanoma
ACH-001523,Cutaneous Squamous Cell Carcinoma
ACH-001524,Cutaneous Squamous Cell Carcinoma
ACH-001526,Osteosarcoma
ACH-001532,Rhabdoid Cancer
ACH-001533,Mature B-Cell Neoplasms
ACH-001536,Intraductal Papillary Neoplasm of the Bile Duct
ACH-001538,Intraductal Papillary Neoplasm of the Bile Duct
ACH-001539,Mature B-Cell Neoplasms
ACH-001542,Head and Neck Squamous Cell Carcinoma
ACH-001543,Head and Neck Squamous Cell Carcinoma
ACH-001544,Esophagogastric Adenocarcinoma
ACH-001547,Pleural Mesothelioma
ACH-001548,Neuroblastoma
ACH-001549,Lung Neuroendocrine Tumor
ACH-001554,Ocular Melanoma
ACH-001555,Pleural Mesothelioma
ACH-001556,Pleural Mesothelioma
ACH-001557,Pleural Mesothelioma
ACH-001558,Pleural Mesothelioma
ACH-001559,Pleural Mesothelioma
ACH-001560,Pleural Mesothelioma
ACH-001562,Pleural Mesothelioma
ACH-001563,Melanoma
ACH-001566,Melanoma
ACH-001567,Melanoma
ACH-001568,Melanoma
ACH-001570,Melanoma
ACH-001574,Acute Myeloid Leukemia
ACH-001577,Acute Myeloid Leukemia
ACH-001578,Non-Seminomatous Germ Cell Tumor
ACH-001603,Neuroblastoma
ACH-001605,Diffuse Glioma
ACH-001606,Diffuse Glioma
ACH-001607,Intracholecystic Papillary Neoplasm
ACH-001608,Diffuse Glioma
ACH-001609,Diffuse Glioma
ACH-001610,Diffuse Glioma
ACH-001611,Diffuse Glioma
ACH-001613,Acute Myeloid Leukemia
ACH-001616,Mature B-Cell Neoplasms
ACH-001618,Acute Myeloid Leukemia
ACH-001619,Intracholecystic Papillary Neoplasm
ACH-001622,Diffuse Glioma
ACH-001623,Diffuse Glioma
ACH-001624,Diffuse Glioma
ACH-001625,Head and Neck Squamous Cell Carcinoma
ACH-001626,Head and Neck Squamous Cell Carcinoma
ACH-001628,Ovarian Epithelial Tumor
ACH-001630,Ovarian Epithelial Tumor
ACH-001632,Ovarian Epithelial Tumor
ACH-001634,Mature B-Cell Neoplasms
ACH-001639,Mature B-Cell Neoplasms
ACH-001641,Head and Neck Squamous Cell Carcinoma
ACH-001642,Non-Hodgkin Lymphoma
ACH-001643,Ewing Sarcoma
ACH-001645,Melanoma
ACH-001647,Acute Myeloid Leukemia
ACH-001651,Cervical Squamous Cell Carcinoma
ACH-001652,Cervical Squamous Cell Carcinoma
ACH-001653,Esophagogastric Adenocarcinoma
ACH-001654,Esophagogastric Adenocarcinoma
ACH-001656,Acute Myeloid Leukemia
ACH-001662,Invasive Breast Carcinoma
ACH-001664,Esophagogastric Adenocarcinoma
ACH-001668,Non-Seminomatous Germ Cell Tumor
ACH-001669,B-Cell Acute Lymphoblastic Leukemia
ACH-001670,Embryonal Tumor
ACH-001673,Intraductal Papillary Neoplasm of the Bile Duct
ACH-001674,Neuroblastoma
ACH-001675,Head and Neck Squamous Cell Carcinoma
ACH-001677,Mature B-Cell Neoplasms
ACH-001683,Invasive Breast Carcinoma
ACH-001687,Renal Cell Carcinoma
ACH-001688,Renal Cell Carcinoma
ACH-001690,Head and Neck Squamous Cell Carcinoma
ACH-001691,Head and Neck Squamous Cell Carcinoma
ACH-001692,Head and Neck Squamous Cell Carcinoma
ACH-001694,Head and Neck Squamous Cell Carcinoma
ACH-001695,Head and Neck Squamous Cell Carcinoma
ACH-001696,Head and Neck Squamous Cell Carcinoma
ACH-001698,Head and Neck Squamous Cell Carcinoma
ACH-001699,Head and Neck Squamous Cell Carcinoma
ACH-001701,Head and Neck Squamous Cell Carcinoma
ACH-001707,Mature B-Cell Neoplasms
ACH-001709,Mature B-Cell Neoplasms
ACH-001711,Embryonal Tumor
ACH-001715,Osteosarcoma
ACH-001719,Ovarian Epithelial Tumor
ACH-001735,B-Cell Acute Lymphoblastic Leukemia
ACH-001736,B-Cell Acute Lymphoblastic Leukemia
ACH-001737,T-Lymphoblastic Leukemia/Lymphoma
ACH-001740,Rhabdomyosarcoma
ACH-001745,Rhabdomyosarcoma
ACH-001750,Rhabdomyosarcoma
ACH-001765,Rhabdomyosarcoma
ACH-001786,Colorectal Adenocarcinoma
ACH-001791,Liposarcoma
ACH-001793,Liposarcoma
ACH-001794,Liposarcoma
ACH-001795,Liposarcoma
ACH-001796,Liposarcoma
ACH-001799,Liposarcoma
ACH-001802,Liposarcoma
ACH-001804,Liposarcoma
ACH-001814,Osteosarcoma
ACH-001819,Invasive Breast Carcinoma
ACH-001834,Intraductal Papillary Neoplasm of the Bile Duct
ACH-001835,Intraductal Papillary Neoplasm of the Bile Duct
ACH-001836,Intraductal Papillary Neoplasm of the Bile Duct
ACH-001838,Intraductal Papillary Neoplasm of the Bile Duct
ACH-001839,Intraductal Papillary Neoplasm of the Bile Duct
ACH-001841,Intraductal Papillary Neoplasm of the Bile Duct
ACH-001842,Intraductal Papillary Neoplasm of the Bile Duct
ACH-001843,Intraductal Papillary Neoplasm of the Bile Duct
ACH-001844,Intraductal Papillary Neoplasm of the Bile Duct
ACH-001848,Intraductal Papillary Neoplasm of the Bile Duct
ACH-001849,Intraductal Papillary Neoplasm of the Bile Duct
ACH-001850,Intracholecystic Papillary Neoplasm
ACH-001852,Intraductal Papillary Neoplasm of the Bile Duct
ACH-001856,Intraductal Papillary Neoplasm of the Bile Duct
ACH-001857,Intraductal Papillary Neoplasm of the Bile Duct
ACH-001858,Intraductal Papillary Neoplasm of the Bile Duct
ACH-001861,Intracholecystic Papillary Neoplasm
ACH-001862,Ampullary Carcinoma
ACH-001863,Intraductal Papillary Neoplasm of the Bile Duct
ACH-001864,Intraductal Papillary Neoplasm of the Bile Duct
ACH-001959,Intraductal Papillary Neoplasm of the Bile Duct
ACH-001960,Intraductal Papillary Neoplasm of the Bile Duct
ACH-001961,Intracholecystic Papillary Neoplasm
ACH-001970,Melanoma
ACH-001972,Melanoma
ACH-001973,Melanoma
ACH-001975,Melanoma
ACH-001977,Pleural Mesothelioma
ACH-001982,Melanoma
ACH-001986,Melanoma
ACH-001990,Melanoma
ACH-001991,Ovarian Epithelial Tumor
ACH-001992,Pleural Mesothelioma
ACH-001993,B-Cell Acute Lymphoblastic Leukemia
ACH-001997,Ampullary Carcinoma
ACH-001999,Pancreatic Adenocarcinoma
ACH-002001,Melanoma
ACH-002002,Melanoma
ACH-002003,Melanoma
ACH-002004,Melanoma
ACH-002005,Melanoma
ACH-002014,Ocular Melanoma
ACH-002015,Ocular Melanoma
ACH-002016,Ocular Melanoma
ACH-002018,Ocular Melanoma
ACH-002020,Cervical Squamous Cell Carcinoma
ACH-002023,Ampullary Carcinoma
ACH-002024,Colorectal Adenocarcinoma
ACH-002025,Colorectal Adenocarcinoma
ACH-002026,Endometrial Carcinoma
ACH-002027,Endometrial Carcinoma
ACH-002029,Head and Neck Squamous Cell Carcinoma
ACH-002030,Head and Neck Squamous Cell Carcinoma
ACH-002033,Pleural Mesothelioma
ACH-002035,Non-Small Cell Lung Cancer
ACH-002039,Pancreatic Adenocarcinoma
ACH-002041,Anaplastic Thyroid Cancer
ACH-002042,Head and Neck Squamous Cell Carcinoma
ACH-002043,Head and Neck Squamous Cell Carcinoma
ACH-002044,Head and Neck Squamous Cell Carcinoma
ACH-002045,Head and Neck Squamous Cell Carcinoma
ACH-002046,Endometrial Carcinoma
ACH-002048,Rhabdomyosarcoma
ACH-002051,Lung Neuroendocrine Tumor
ACH-002052,Lung Neuroendocrine Tumor
ACH-002055,Mature B-Cell Neoplasms
ACH-002059,B-Cell Acute Lymphoblastic Leukemia
ACH-002061,Myeloproliferative Neoplasms
ACH-002062,Mature B-Cell Neoplasms
ACH-002066,Nerve Sheath Tumor
ACH-002067,Osteosarcoma
ACH-002069,Osteosarcoma
ACH-002077,Lung Neuroendocrine Tumor
ACH-002080,Neuroblastoma
ACH-002083,Neuroblastoma
ACH-002084,Melanoma
ACH-002105,Ewing Sarcoma
ACH-002106,Ewing Sarcoma
ACH-002109,Ewing Sarcoma
ACH-002110,Ewing Sarcoma
ACH-002114,Ewing Sarcoma
ACH-002116,Ewing Sarcoma
ACH-002119,Ewing Sarcoma
ACH-002140,Ovarian Epithelial Tumor
ACH-002141,Esophagogastric Adenocarcinoma
ACH-002142,Osteosarcoma
ACH-002143,Melanoma
ACH-002150,Renal Cell Carcinoma
ACH-002156,Non-Small Cell Lung Cancer
ACH-002160,Ewing Sarcoma
ACH-002161,Esophagogastric Adenocarcinoma
ACH-002179,Invasive Breast Carcinoma
ACH-002181,Ovarian Epithelial Tumor
ACH-002183,Ovarian Epithelial Tumor
ACH-002186,Pancreatic Adenocarcinoma
ACH-002189,Renal Cell Carcinoma
ACH-002202,Esophagogastric Adenocarcinoma
ACH-002212,Head and Neck Squamous Cell Carcinoma
ACH-002214,Mature B-Cell Neoplasms
ACH-002215,Mature B-Cell Neoplasms
ACH-002228,Diffuse Glioma
ACH-002229,Diffuse Glioma
ACH-002230,Diffuse Glioma
ACH-002233,Colorectal Adenocarcinoma
ACH-002243,Esophageal Squamous Cell Carcinoma
ACH-002249,Head and Neck Squamous Cell Carcinoma
ACH-002250,Head and Neck Squamous Cell Carcinoma
ACH-002251,Head and Neck Squamous Cell Carcinoma
ACH-002257,Diffuse Glioma
ACH-002261,Neuroblastoma
ACH-002263,Esophageal Squamous Cell Carcinoma
ACH-002265,Head and Neck Squamous Cell Carcinoma
ACH-002269,Diffuse Glioma
ACH-002278,Neuroblastoma
ACH-002280,Neuroblastoma
ACH-002282,Neuroblastoma
ACH-002283,Neuroblastoma
ACH-002284,Neuroblastoma
ACH-002285,Neuroblastoma
ACH-002291,Non-Seminomatous Germ Cell Tumor
ACH-002294,Head and Neck Squamous Cell Carcinoma
ACH-002295,Head and Neck Squamous Cell Carcinoma
ACH-002296,Head and Neck Squamous Cell Carcinoma
ACH-002297,Head and Neck Squamous Cell Carcinoma
ACH-002298,Head and Neck Squamous Cell Carcinoma
ACH-002304,Diffuse Glioma
ACH-002305,Head and Neck Squamous Cell Carcinoma
ACH-002399,Invasive Breast Carcinoma
ACH-002400,Invasive Breast Carcinoma
ACH-002401,Invasive Breast Carcinoma
ACH-002446,Esophagogastric Adenocarcinoma
ACH-002458,Melanoma
ACH-002460,Melanoma
ACH-002461,Melanoma
ACH-002470,Osteosarcoma
ACH-002471,Osteosarcoma
ACH-002475,Myeloproliferative Neoplasms
ACH-002478,Mature B-Cell Neoplasms
ACH-002485,Mature B-Cell Neoplasms
ACH-002486,Ovarian Epithelial Tumor
ACH-002490,Lung Neuroendocrine Tumor
ACH-002499,Invasive Breast Carcinoma
ACH-002500,Mature B-Cell Neoplasms
ACH-002508,Melanoma
ACH-002510,Melanoma
ACH-002511,Melanoma
ACH-002512,Melanoma
ACH-002522,Non-Small Cell Lung Cancer
ACH-002523,Hepatocellular Carcinoma
ACH-002524,Ovarian Epithelial Tumor
ACH-002526,Non-Small Cell Lung Cancer
ACH-002528,Renal Cell Carcinoma
ACH-002530,Colorectal Adenocarcinoma
ACH-002531,Non-Small Cell Lung Cancer
ACH-002533,Renal Cell Carcinoma
ACH-002535,Colorectal Adenocarcinoma
ACH-002538,Colorectal Adenocarcinoma
ACH-002544,Esophagogastric Adenocarcinoma
ACH-002647,Intraductal Papillary Neoplasm of the Bile Duct
ACH-002650,Non-Small Cell Lung Cancer
ACH-002654,Colorectal Adenocarcinoma
ACH-002659,Colorectal Adenocarcinoma
ACH-002660,Colorectal Adenocarcinoma
ACH-002662,Colorectal Adenocarcinoma
ACH-002664,Colorectal Adenocarcinoma
ACH-002669,Colorectal Adenocarcinoma
ACH-002672,Pancreatic Adenocarcinoma
ACH-002677,Mature B-Cell Neoplasms
ACH-002678,Mature B-Cell Neoplasms
ACH-002680,Diffuse Glioma
ACH-002681,Diffuse Glioma
ACH-002687,Ocular Melanoma
ACH-002688,Osteosarcoma
ACH-002690,Osteosarcoma
ACH-002693,Nerve Sheath Tumor
ACH-002705,Esophagogastric Adenocarcinoma
ACH-002706,Esophagogastric Adenocarcinoma
ACH-002708,Liposarcoma
ACH-002709,Acute Myeloid Leukemia
ACH-002710,Nerve Sheath Tumor
ACH-002778,Osteosarcoma
ACH-002780,Ewing Sarcoma
ACH-002782,Undifferentiated Pleomorphic Sarcoma/Malignant Fibrous Histiocytoma/High-Grade Spindle Cell Sarcoma
ACH-002784,Undifferentiated Pleomorphic Sarcoma/Malignant Fibrous Histiocytoma/High-Grade Spindle Cell Sarcoma
ACH-002799,Nerve Sheath Tumor
ACH-002800,Nerve Sheath Tumor
ACH-002801,Nerve Sheath Tumor
ACH-002806,Diffuse Glioma
ACH-002834,Osteosarcoma
ACH-002847,Melanoma
ACH-002922,Neuroblastoma
ACH-002925,Ocular Melanoma
ACH-002926,Ocular Melanoma
ACH-002928,Melanoma
ACH-003012,Non-Small Cell Lung Cancer
ACH-003176,Osteosarcoma
ACH-003177,Undifferentiated Pleomorphic Sarcoma/Malignant Fibrous Histiocytoma/High-Grade Spindle Cell Sarcoma
ACH-003180,Undifferentiated Pleomorphic Sarcoma/Malignant Fibrous Histiocytoma/High-Grade Spindle Cell Sarcoma
